"Time (s)","Acceleration x (m/s^2)","Acceleration y (m/s^2)","Acceleration z (m/s^2)","Absolute acceleration (m/s^2)"
0.000000000E0,-2.558629303E0,2.964884491E0,1.022149429E1,1.094605269E1
1.004999998E-2,-2.395019531E0,3.016976166E0,1.042477158E1,1.111369093E1
2.009900002E-2,-2.151475983E0,3.052901459E0,1.049273026E1,1.113761395E1
3.014799999E-2,-1.965412903E0,3.089275818E0,1.054227722E1,1.116002159E1
4.019799997E-2,-1.824256439E0,3.133733368E0,1.057595718E1,1.118029815E1
5.024700001E-2,-1.704206085E0,3.209775238E0,1.061472656E1,1.121959872E1
6.029599998E-2,-1.505718842E0,3.251239014E0,1.070064789E1,1.128457397E1
7.034600002E-2,-1.366508331E0,3.314707031E0,1.086919739E1,1.144526450E1
8.039787499E-2,-1.275647278E0,3.384461975E0,1.103924377E1,1.161665881E1
9.044687502E-2,-1.142723694E0,3.429069214E0,1.114911530E1,1.172037137E1
1.004968750E-1,-9.572593689E-1,3.439248047E0,1.123518631E1,1.178873123E1
1.105458750E-1,-8.165519714E-1,3.404071198E0,1.130778534E1,1.183724914E1
1.205948750E-1,-7.454498291E-1,3.312012634E0,1.134820129E1,1.184511696E1
1.306448750E-1,-7.339237976E-1,3.266806641E0,1.146391068E1,1.194286053E1
1.406938750E-1,-8.080197144E-1,3.229534149E0,1.169293442E1,1.215761087E1
1.507428750E-1,-7.984396362E-1,3.134930878E0,1.194545929E1,1.237575432E1
1.607928750E-1,-6.929090881E-1,3.041076050E0,1.216744766E1,1.256085384E1
1.708418750E-1,-6.370751953E-1,2.943778381E0,1.242266693E1,1.278257993E1
1.808908750E-1,-6.462062073E-1,2.829116821E0,1.265663040E1,1.298505978E1
1.909408750E-1,-6.641688538E-1,2.692301331E0,1.278087204E1,1.307823753E1
2.009898750E-1,-7.304809570E-1,2.533032532E0,1.273836044E1,1.300829286E1
2.110388750E-1,-8.327183533E-1,2.359842682E0,1.259825180E1,1.284438499E1
2.210888750E-1,-9.372010803E-1,2.227218475E0,1.242970230E1,1.266239895E1
2.311378750E-1,-9.987231445E-1,2.128423920E0,1.225396774E1,1.247747417E1
2.411868750E-1,-9.451345825E-1,2.079625397E0,1.202659058E1,1.224160946E1
2.512368750E-1,-7.291337585E-1,2.075733490E0,1.174472672E1,1.194901298E1
2.612858750E-1,-5.441184998E-1,2.084265747E0,1.149803970E1,1.169808299E1
2.713348750E-1,-4.492158508E-1,2.092648315E0,1.129551086E1,1.149650110E1
2.813848750E-1,-3.948788452E-1,2.143243103E0,1.105690704E1,1.126963237E1
2.914338750E-1,-2.755769348E-1,2.128274231E0,1.073522598E1,1.094762854E1
3.014828750E-1,-1.731898499E-1,2.136956177E0,1.043929138E1,1.065717509E1
3.115328750E-1,-8.277786255E-2,2.135758667E0,1.019978943E1,1.042132533E1
3.215818750E-1,-4.580474854E-2,2.170037384E0,1.002225861E1,1.025460033E1
3.316308750E-1,-2.799179077E-2,2.219883728E0,9.815688171E0,1.006361772E1
3.416808750E-1,-5.837860107E-3,2.263143768E0,9.528285828E0,9.793369421E0
3.517298750E-1,1.119671631E-1,2.338287506E0,9.111851807E0,9.407761075E0
3.617798750E-1,4.275109863E-1,2.441123657E0,8.492290192E0,8.846515871E0
3.718288750E-1,7.053332520E-1,2.564167786E0,7.913144531E0,8.348072101E0
3.818778750E-1,9.211843872E-1,2.721790009E0,7.515720978E0,8.046290036E0
3.919268750E-1,1.096020813E0,2.853366394E0,7.150031433E0,7.775982954E0
4.019768750E-1,1.047371979E0,3.021766205E0,6.924600220E0,7.627460079E0
4.120258750E-1,9.713301086E-1,3.185825043E0,6.778504028E0,7.552554551E0
4.220758750E-1,9.737251282E-1,3.269051971E0,6.587650909E0,7.418354664E0
4.321248750E-1,1.033301239E0,3.376977539E0,6.389013977E0,7.300081393E0
4.421738750E-1,1.140029297E0,3.480711823E0,6.206393738E0,7.206548745E0
4.522238750E-1,1.470541992E0,3.596271515E0,5.877677307E0,7.045761356E0
4.622728750E-1,1.910626831E0,3.757935333E0,5.580545197E0,6.993930050E0
4.723218750E-1,2.231559448E0,3.958967285E0,5.430706787E0,7.081373860E0
4.823718750E-1,2.460283813E0,4.093986511E0,5.325924683E0,7.153963637E0
4.924208750E-1,2.582429810E0,4.197571106E0,5.324727173E0,7.255430130E0
5.024698750E-1,2.523003387E0,4.324806519E0,5.448669434E0,7.399830816E0
5.125198750E-1,2.505789185E0,4.422403564E0,5.614973602E0,7.573939614E0
5.225688750E-1,2.572250977E0,4.534670105E0,5.719456329E0,7.738984995E0
5.326178750E-1,2.634521484E0,4.708309021E0,5.675747223E0,7.830899299E0
5.426678750E-1,2.773133240E0,4.881498871E0,5.503455505E0,7.861763269E0
5.527168750E-1,2.936743011E0,5.074447632E0,5.359305267E0,7.943338796E0
5.627658750E-1,3.147205353E0,5.256618805E0,5.192252655E0,8.030966967E0
5.728158750E-1,3.363804932E0,5.422324219E0,5.107977905E0,8.173629661E0
5.828648750E-1,3.480861511E0,5.564378815E0,5.271437988E0,8.418240132E0
5.929138750E-1,3.609144745E0,5.764362946E0,5.489833832E0,8.740256373E0
6.029638750E-1,3.779939575E0,5.934409332E0,5.700894928E0,9.055681106E0
6.130128750E-1,3.912563782E0,6.057004395E0,5.958958282E0,9.354391557E0
6.230618750E-1,4.115691376E0,6.219865723E0,6.165828094E0,9.676935527E0
6.331118750E-1,4.328848114E0,6.337371368E0,6.429130554E0,1.001173919E1
6.431608750E-1,4.427792358E0,6.422095184E0,6.708300018E0,1.028834004E1
6.532098750E-1,4.469705200E0,6.467899933E0,6.902446289E0,1.046211063E1
6.632598750E-1,4.479434967E0,6.489904175E0,7.035220184E0,1.056780568E1
6.733088750E-1,4.542753296E0,6.608757019E0,7.142546997E0,1.073909933E1
6.833578750E-1,4.715793457E0,6.805148621E0,7.226522369E0,1.098960332E1
6.934078750E-1,4.980592804E0,7.023394775E0,7.248227234E0,1.125482905E1
7.034568750E-1,5.339546356E0,7.201224976E0,7.166497192E0,1.147724176E1
7.135058750E-1,5.700745239E0,7.312593384E0,7.121740265E0,1.169152268E1
7.235558750E-1,5.991141357E0,7.411238251E0,7.039860535E0,1.184820086E1
7.336048750E-1,6.194418640E0,7.395221558E0,7.091802521E0,1.197304419E1
7.436538750E-1,6.207591248E0,7.436535645E0,7.320077820E0,1.214165519E1
7.537028750E-1,6.143823853E0,7.479346619E0,7.596403198E0,1.230416754E1
7.637528750E-1,6.188580780E0,7.545209656E0,7.844287720E0,1.252044610E1
7.738018750E-1,6.370901642E0,7.659721527E0,7.812703400E0,1.266088686E1
7.838508750E-1,6.527176666E0,7.762557678E0,7.701185303E0,1.273458252E1
7.939008750E-1,6.588998108E0,7.860005035E0,7.379354553E0,1.263524629E1
8.039498750E-1,6.635700989E0,7.919281769E0,6.774911499E0,1.235503853E1
8.139988750E-1,6.610403595E0,8.065827026E0,6.044729919E0,1.205378617E1
8.240488750E-1,6.688840485E0,8.121511230E0,5.410648499E0,1.183108824E1
8.340978750E-1,6.773564301E0,8.181237030E0,4.837640076E0,1.167118564E1
8.441478750E-1,6.881190491E0,8.270900574E0,4.517904968E0,1.166919210E1
8.541968750E-1,6.969656525E0,8.347092133E0,4.590653687E0,1.180356558E1
8.642458750E-1,7.015910339E0,8.347241821E0,4.661755829E0,1.185881155E1
8.742948750E-1,6.957980804E0,8.312963104E0,4.721781006E0,1.182429991E1
8.843448750E-1,6.804100800E0,8.272996216E0,4.826712799E0,1.174884720E1
8.943938750E-1,6.629863129E0,8.251740417E0,4.643044739E0,1.155872698E1
9.044428750E-1,6.458319855E0,8.163723450E0,4.316423950E0,1.126888600E1
9.144928750E-1,6.253845062E0,8.130043488E0,4.070186005E0,1.103515289E1
9.245418750E-1,6.232738953E0,8.082292786E0,3.730242920E0,1.086670160E1
9.345908750E-1,6.282585297E0,8.070617065E0,3.531605988E0,1.082025779E1
9.446408750E-1,6.058650970E0,8.114176483E0,3.324885864E0,1.065842285E1
9.546898750E-1,5.787415009E0,8.130193176E0,2.975063324E0,1.041370325E1
9.647388750E-1,5.513484650E0,8.143814850E0,2.499202881E0,1.014722860E1
9.747888750E-1,5.390290833E0,8.065527649E0,2.107168121E0,9.927141029E0
9.848378750E-1,5.214107208E0,8.070467377E0,2.035766602E0,9.821593726E0
9.948868750E-1,4.920417938E0,8.081843719E0,2.312241669E0,9.740286039E0
1.004936875E0,4.731211395E0,8.068072357E0,2.524051208E0,9.687568701E0
1.014985875E0,4.599635010E0,8.022417297E0,2.641257477E0,9.617279375E0
1.025034875E0,4.486919403E0,8.054151306E0,2.354902954E0,9.515638019E0
1.035084875E0,4.430187378E0,8.077203369E0,1.758692780E0,9.378740574E0
1.045133875E0,4.428091736E0,8.090375977E0,1.142723694E0,9.293438400E0
1.055182875E0,4.459825745E0,8.189170532E0,5.917195129E-1,9.343590940E0
1.065232875E0,4.445006561E0,8.232131195E0,-5.388793945E-3,9.355538273E0
1.075277458E0,4.609215088E0,8.167016602E0,-2.532733154E-1,9.381320337E0
1.085326458E0,4.508025513E0,8.197253723E0,1.077758789E-2,9.355072356E0
1.095376458E0,4.155209198E0,8.269253998E0,9.804611206E-2,9.255049335E0
1.105425458E0,3.814218292E0,8.324040070E0,-1.844165039E-1,9.158161044E0
1.115474458E0,3.619024200E0,8.271649017E0,-7.755372620E-1,9.061951869E0
1.125524458E0,3.390150146E0,8.206534424E0,-1.460812225E0,8.998571977E0
1.135573458E0,3.121009827E0,8.170309753E0,-2.323318634E0,9.049446021E0
1.145622458E0,2.947221222E0,8.090375977E0,-2.836601257E0,9.065682714E0
1.155672458E0,2.925666046E0,8.000562744E0,-3.372486877E0,9.161997259E0
1.165721458E0,2.967129822E0,7.960595856E0,-3.504063263E0,9.189853378E0
1.175770458E0,3.007396088E0,7.939190369E0,-3.826193390E0,9.312085201E0
1.185820458E0,3.024310913E0,7.989186401E0,-3.977079620E0,9.422882689E0
1.195869458E0,3.137325897E0,7.966134338E0,-3.891008606E0,9.404363777E0
1.205918458E0,3.055446167E0,8.020770721E0,-3.771706696E0,9.375195232E0
1.215968458E0,2.754571838E0,8.127199402E0,-3.742966461E0,9.362095602E0
1.226017458E0,2.577939148E0,8.183033295E0,-4.020040283E0,9.474625482E0
1.236066458E0,2.433788910E0,8.073910217E0,-4.120481415E0,9.385612486E0
1.246116458E0,2.122586060E0,7.949219513E0,-4.569248199E0,9.411349083E0
1.256165458E0,1.769320679E0,7.831264801E0,-4.725223846E0,9.315951076E0
1.266214458E0,1.393901367E0,7.718698883E0,-4.853956146E0,9.223999335E0
1.276264458E0,1.274000702E0,7.810009003E0,-4.825365601E0,9.268412571E0
1.286313458E0,1.133892059E0,7.839497681E0,-4.847968597E0,9.286885086E0
1.296362458E0,1.202449493E0,7.888296204E0,-4.984335022E0,9.408224986E0
1.306412458E0,1.144519958E0,7.954907684E0,-5.122946777E0,9.530743197E0
1.316461458E0,9.581575012E-1,7.967032471E0,-5.264402618E0,9.597166619E0
1.326510458E0,8.349636841E-1,7.984246674E0,-5.234315186E0,9.583497001E0
1.336560458E0,8.563691711E-1,7.908803558E0,-4.899311829E0,9.342686887E0
1.346609458E0,6.264472961E-1,8.089627533E0,-4.577630768E0,9.316072847E0
1.356658458E0,4.846920776E-1,8.159382477E0,-4.621639252E0,9.389888082E0
1.366708458E0,3.317102051E-1,8.212372284E0,-4.656367035E0,9.446419647E0
1.376757458E0,1.110690308E-1,8.139174500E0,-4.929548950E0,9.516246672E0
1.386806458E0,-1.335223389E-1,8.049061890E0,-5.149591370E0,9.556333857E0
1.396855458E0,-3.891906738E-1,7.989336090E0,-5.343438263E0,9.619422696E0
1.406905458E0,-5.517526245E-1,8.000263367E0,-5.569917297E0,9.763842665E0
1.416954458E0,-5.992039490E-1,8.134534149E0,-5.555846558E0,9.868998033E0
1.427003458E0,-6.834786987E-1,8.130043488E0,-5.824388123E0,1.002438264E1
1.437053458E0,-7.779322815E-1,8.096064148E0,-5.863756256E0,1.002671785E1
1.447102458E0,-1.024170227E0,8.100255432E0,-5.788313141E0,1.000837808E1
1.457151458E0,-1.438807983E0,8.148155823E0,-5.422024841E0,9.892470121E0
1.467201458E0,-1.881287842E0,8.154891815E0,-5.045408020E0,9.772289729E0
1.477250458E0,-2.192341003E0,8.122559052E0,-4.802762604E0,9.687561780E0
1.487299458E0,-2.419418793E0,8.086035004E0,-4.669988708E0,9.646053282E0
1.497349458E0,-2.555336151E0,8.100854187E0,-4.537663879E0,9.630367329E0
1.507398458E0,-2.475851440E0,8.168214111E0,-4.597090302E0,9.694472722E0
1.517447458E0,-2.413580933E0,8.160729675E0,-4.580923920E0,9.664768270E0
1.527497458E0,-2.461631012E0,8.159681854E0,-4.307592316E0,9.549627572E0
1.537546458E0,-2.657124481E0,8.229885864E0,-3.944896545E0,9.505447943E0
1.547595458E0,-2.853366394E0,8.329428864E0,-3.444187775E0,9.454285504E0
1.557645458E0,-2.649190979E0,8.474177856E0,-3.031495972E0,9.381890588E0
1.567694458E0,-2.490371246E0,8.606802063E0,-2.796933746E0,9.386257459E0
1.577743458E0,-2.494263153E0,8.686586151E0,-2.599494324E0,9.404015014E0
1.587793458E0,-2.539469147E0,8.574618988E0,-2.381397858E0,9.254407063E0
1.597842458E0,-2.832110596E0,8.741222534E0,-2.132465515E0,9.432774300E0
1.607891458E0,-3.093317413E0,8.607101440E0,-2.074535980E0,9.378406440E0
1.617941458E0,-3.386856995E0,8.622519379E0,-1.942061462E0,9.465212278E0
1.627990458E0,-3.506757660E0,8.492589569E0,-1.721120911E0,9.347924051E0
1.638039458E0,-3.509751434E0,8.483159180E0,-1.389560394E0,9.285107586E0
1.648089458E0,-3.401975555E0,8.444689178E0,-1.277144165E0,9.193329659E0
1.658138458E0,-3.313060455E0,8.339757385E0,-1.024619293E0,9.032041160E0
1.668187458E0,-3.210074615E0,8.288563843E0,-6.698570251E-1,8.913673656E0
1.678237458E0,-3.114124146E0,8.221054230E0,-4.195774841E-1,8.801110561E0
1.688286458E0,-3.077151031E0,8.033045197E0,-1.302291870E-2,8.602258029E0
1.698335458E0,-3.209775238E0,7.761509857E0,5.023553467E-1,8.414039056E0
1.708385458E0,-3.515888672E0,7.558981018E0,1.080752563E0,8.406407871E0
1.718434458E0,-3.770359497E0,7.433092804E0,1.622925110E0,8.491193396E0
1.728483458E0,-3.852538605E0,7.254364471E0,1.946701813E0,8.441416086E0
1.738533458E0,-3.882027283E0,7.022197266E0,2.248773651E0,8.332969050E0
1.748582458E0,-3.907624054E0,6.752757568E0,2.509082336E0,8.195410587E0
1.758631458E0,-3.831582184E0,6.528523865E0,2.959196320E0,8.127698859E0
1.768680458E0,-3.775748291E0,6.415808258E0,3.528462524E0,8.238259437E0
1.778730458E0,-3.806284790E0,6.252497864E0,3.737278290E0,8.218806632E0
1.788779458E0,-3.928430786E0,6.147117004E0,3.989803162E0,8.314935067E0
1.798828458E0,-4.173171844E0,6.004613342E0,3.966751099E0,8.319005885E0
1.808878458E0,-4.302353210E0,5.754633179E0,4.004622345E0,8.225755059E0
1.818927458E0,-4.399800568E0,5.489085388E0,4.171974335E0,8.178855255E0
1.828976458E0,-4.425547028E0,5.317542114E0,4.350852356E0,8.172615056E0
1.839026458E0,-4.426894226E0,5.085225220E0,4.645888824E0,8.187868526E0
1.849075458E0,-4.439617767E0,4.936584320E0,4.894072723E0,8.248152429E0
1.859124458E0,-4.429289246E0,4.657863922E0,5.028493195E0,8.160884961E0
1.869174458E0,-4.536166992E0,4.388274536E0,5.219496002E0,8.190049017E0
1.879223458E0,-4.805606689E0,4.149071960E0,5.528902588E0,8.418872704E0
1.889272458E0,-5.038821716E0,3.815415802E0,6.004313965E0,8.717735269E0
1.899322458E0,-5.110223236E0,3.619772644E0,6.416556702E0,8.966010006E0
1.909371458E0,-5.069507904E0,3.470532990E0,6.729406128E0,9.112047874E0
1.919420458E0,-4.948409729E0,3.173550568E0,7.130871277E0,9.241618214E0
1.929470458E0,-4.893473969E0,2.985242157E0,7.455695801E0,9.404528595E0
1.939519458E0,-4.807402954E0,2.825224915E0,7.624844055E0,9.446230245E0
1.949568458E0,-4.814737701E0,2.778072968E0,8.057444458E0,9.788861003E0
1.959618458E0,-4.922363892E0,2.764451294E0,8.374485168E0,1.009969599E1
1.969667458E0,-5.020559692E0,2.491119690E0,8.494385834E0,1.017675231E1
1.979716458E0,-5.234614563E0,2.495011597E0,8.746162262E0,1.049388521E1
1.989766458E0,-5.344935150E0,2.377805328E0,8.737929382E0,1.051540298E1
1.999815458E0,-5.196893005E0,2.162403259E0,8.694220276E0,1.035727527E1
2.009864458E0,-5.016667786E0,2.112706604E0,8.683292999E0,1.024841755E1
2.019913458E0,-4.963827667E0,2.101629639E0,8.768016815E0,1.029245117E1
2.029963458E0,-4.866529999E0,2.076931000E0,8.929980011E0,1.037985065E1
2.040012458E0,-4.758005676E0,1.956880646E0,9.011560364E0,1.037671528E1
2.050061458E0,-4.601880341E0,1.965113525E0,9.175469513E0,1.045123029E1
2.060111458E0,-4.392765198E0,1.923200684E0,9.281299438E0,1.044689457E1
2.070160458E0,-4.195625153E0,1.847907257E0,9.232051849E0,1.030770649E1
2.080210625E0,-4.120930481E0,1.831591187E0,9.305099945E0,1.034029397E1
2.090260625E0,-4.122726746E0,1.786235504E0,9.353748779E0,1.037690365E1
2.100309625E0,-4.082909546E0,1.709894257E0,9.285341034E0,1.028646911E1
2.110358625E0,-3.920048218E0,1.717229004E0,9.230105896E0,1.017401142E1
2.120408625E0,-3.717818756E0,1.674268341E0,9.193282471E0,1.005692763E1
2.130457625E0,-3.443888397E0,1.693428497E0,9.146130524E0,9.918657718E0
2.140506625E0,-3.127745819E0,1.747615814E0,9.239685974E0,9.910032888E0
2.150556625E0,-2.893632660E0,1.818268890E0,9.372459869E0,9.976082183E0
2.160605625E0,-2.757266235E0,1.780247955E0,9.297765198E0,9.860032330E0
2.170654625E0,-2.548899536E0,1.752705231E0,9.150621185E0,9.659333960E0
2.180704625E0,-2.397863617E0,1.699715424E0,9.007818146E0,9.475208187E0
2.190753625E0,-2.253863068E0,1.709445190E0,8.890911255E0,9.330080628E0
2.200802625E0,-2.053429871E0,1.778152313E0,8.821755066E0,9.230480070E0
2.210852625E0,-1.901795197E0,1.861528931E0,8.889713745E0,9.279500277E0
2.220901625E0,-1.884580994E0,1.923949127E0,9.034313049E0,9.427196722E0
2.230950625E0,-1.644779663E0,1.883982239E0,9.091643829E0,9.429351873E0
2.241000625E0,-1.204545135E0,1.864073639E0,9.167236633E0,9.432069073E0
2.251049625E0,-5.737568665E-1,1.878743134E0,9.328750763E0,9.533334333E0
2.261098625E0,-9.280700684E-2,1.893262939E0,9.431586914E0,9.620181361E0
2.271148625E0,2.749781799E-1,1.878743134E0,9.529633026E0,9.716953966E0
2.281197625E0,3.655398560E-1,1.921254730E0,9.677675171E0,9.873309265E0
2.291246625E0,2.905458069E-1,1.949246521E0,9.629176025E0,9.828784757E0
2.301296625E0,3.013233948E-1,1.930385742E0,9.722432098E0,9.916797407E0
2.311345625E0,2.731819153E-1,1.899549866E0,9.901310120E0,1.008557684E1
2.321394625E0,3.794609070E-1,1.887874146E0,1.000055374E1,1.018425915E1
2.331443625E0,5.962101746E-1,1.770967255E0,1.013826736E1,1.030903762E1
2.341493625E0,1.013841705E0,1.696871338E0,1.021086639E1,1.040043460E1
2.351542625E0,1.558858337E0,1.783391418E0,1.021939865E1,1.049031139E1
2.361591625E0,2.110012207E0,1.884281616E0,1.025068359E1,1.063386961E1
2.371641625E0,2.440824280E0,2.021995239E0,1.031445099E1,1.079045815E1
2.381690625E0,2.568658447E0,2.134561157E0,1.030382309E1,1.083158012E1
2.391739625E0,2.625689850E0,2.261796570E0,1.055185730E1,1.110637940E1
2.401789625E0,2.676733704E0,2.481539612E0,1.068897217E1,1.129500191E1
2.411838625E0,2.855462036E0,2.618654480E0,1.080243622E1,1.147622076E1
2.421887625E0,3.243455200E0,2.717898102E0,1.077668976E1,1.157773786E1
2.431937625E0,3.733985138E0,2.832559662E0,1.074136322E1,1.171933970E1
2.441986625E0,4.152065735E0,2.968177643E0,1.061008621E1,1.177385484E1
2.452035625E0,4.519701233E0,3.037034454E0,1.051608170E1,1.184226548E1
2.462085625E0,4.715194702E0,3.057392120E0,1.061981598E1,1.201504054E1
2.472134625E0,4.762945404E0,3.107837219E0,1.071112610E1,1.212734610E1
2.482183625E0,4.824916534E0,3.034190369E0,1.071112610E1,1.213319220E1
2.492233625E0,4.783602448E0,2.922672272E0,1.068208649E1,1.206365771E1
2.502282625E0,4.687951355E0,2.857857056E0,1.070199509E1,1.202817250E1
2.512331625E0,4.740641785E0,2.831960907E0,1.073028625E1,1.206783867E1
2.522381625E0,4.940476227E0,2.904559937E0,1.072669373E1,1.216169117E1
2.532430625E0,5.213059387E0,3.039579163E0,1.063179108E1,1.222497489E1
2.542479625E0,5.361849976E0,3.194806366E0,1.050545380E1,1.221968831E1
2.552529625E0,5.415438538E0,3.316054230E0,1.036759048E1,1.215771865E1
2.562578625E0,5.347779236E0,3.334166565E0,1.021894958E1,1.200592937E1
2.572627625E0,5.091063080E0,3.342698822E0,1.018676651E1,1.186856228E1
2.582676625E0,4.879552917E0,3.396736450E0,1.026086243E1,1.185888498E1
2.592726625E0,4.848417664E0,3.475323029E0,1.037073395E1,1.196399376E1
2.602775625E0,4.985233154E0,3.584745483E0,1.054018158E1,1.219829404E1
2.612824625E0,5.299429779E0,3.609294434E0,1.068313431E1,1.245954738E1
2.622874625E0,5.714516602E0,3.598666534E0,1.083656525E1,1.276860396E1
2.632923625E0,5.991291046E0,3.638334045E0,1.097592545E1,1.302320937E1
2.642972625E0,6.131250000E0,3.666774902E0,1.086979614E1,1.300730306E1
2.653022625E0,6.085594940E0,3.703448639E0,1.062984512E1,1.279623401E1
2.663071625E0,5.878276062E0,3.686982880E0,1.035516632E1,1.246504881E1
2.673120625E0,5.610632629E0,3.712729340E0,1.021400986E1,1.223068089E1
2.683170625E0,5.428611145E0,3.717968445E0,9.985285492E0,1.195822038E1
2.693219625E0,5.295238495E0,3.790118408E0,9.655670929E0,1.164630969E1
2.703268625E0,5.231022034E0,3.840563507E0,9.169332275E0,1.123343999E1
2.713318625E0,5.274731140E0,3.856131134E0,8.592431946E0,1.079455523E1
2.723367625E0,5.265300751E0,3.928580475E0,8.130193176E0,1.045261583E1
2.733416625E0,5.182522888E0,4.080963593E0,7.933352509E0,1.031750403E1
2.743466625E0,5.127287750E0,4.276457062E0,7.686216431E0,1.018111427E1
2.753515625E0,5.111271057E0,4.436324615E0,7.335196381E0,9.980539758E0
2.763564625E0,5.107079773E0,4.567002869E0,6.983427887E0,9.783048812E0
2.773614625E0,5.107229462E0,4.693789215E0,6.693929901E0,9.639717189E0
2.783663625E0,5.103636932E0,4.848118286E0,6.466852112E0,9.558846012E0
2.793712625E0,5.073998566E0,5.032983856E0,6.397396545E0,9.591823106E0
2.803762625E0,5.115312653E0,5.209466858E0,6.263275452E0,9.619438022E0
2.813811625E0,5.203479309E0,5.383854218E0,6.022426300E0,9.608938635E0
2.823860625E0,5.268144836E0,5.570665741E0,5.784121857E0,9.604255956E0
2.833909625E0,5.267695770E0,5.729635162E0,5.539081421E0,9.552945138E0
2.843959625E0,5.207071838E0,5.870043182E0,5.298681335E0,9.468211446E0
2.854008625E0,5.126539307E0,5.953719177E0,5.080884247E0,9.356471666E0
2.864057625E0,5.012177124E0,6.122418365E0,5.077591095E0,9.401481665E0
2.874107625E0,4.948559418E0,6.233038330E0,4.992567902E0,9.394931686E0
2.884156625E0,5.027295685E0,6.342460785E0,4.851112061E0,9.435772302E0
2.894205625E0,5.046306152E0,6.556665344E0,4.713697815E0,9.522290340E0
2.904255625E0,5.003644867E0,6.714586945E0,4.574936371E0,9.542126733E0
2.914304625E0,4.981041870E0,6.831044769E0,4.489913177E0,9.572526892E0
2.924353625E0,4.952451324E0,7.025041351E0,4.379592590E0,9.646699506E0
2.934403625E0,5.048551483E0,7.185807037E0,4.230203247E0,9.747733807E0
2.944452625E0,4.999303894E0,7.426805878E0,4.191134491E0,9.885145082E0
2.954501625E0,5.056484985E0,7.640112305E0,4.141437836E0,1.005439525E1
2.964551625E0,5.085674286E0,7.753726044E0,3.973936157E0,1.008843492E1
2.974600625E0,5.012476501E0,7.944728851E0,3.895199890E0,1.016937655E1
2.984649625E0,4.915478210E0,7.914342041E0,3.688928833E0,1.002032594E1
2.994699625E0,4.775369568E0,8.178991699E0,3.702849884E0,1.016912764E1
3.004748625E0,4.717889099E0,8.315657501E0,3.789819031E0,1.028452068E1
3.014797625E0,4.850363617E0,8.306676178E0,3.854634247E0,1.036267830E1
3.024847625E0,4.798421631E0,8.626710663E0,4.002975769E0,1.065217358E1
3.034896625E0,4.893174591E0,8.514893188E0,3.849993896E0,1.054841299E1
3.044945625E0,4.857099609E0,8.516988831E0,3.474574585E0,1.040207594E1
3.054995625E0,4.600982208E0,8.572373657E0,2.762205963E0,1.011357549E1
3.065044625E0,4.426445160E0,8.540340271E0,2.110760651E0,9.848154102E0
3.075092583E0,4.198319550E0,8.625962219E0,1.575473785E0,9.721894306E0
3.085141583E0,4.102818146E0,8.590186615E0,1.071022797E0,9.579744916E0
3.095191583E0,3.820804596E0,8.752898254E0,8.708889771E-1,9.590110699E0
3.105240583E0,3.546425171E0,8.693621521E0,6.224057007E-1,9.409759588E0
3.115289583E0,3.167263641E0,8.645721130E0,4.691244507E-1,9.219551539E0
3.125339583E0,2.845432892E0,8.624764709E0,2.751278687E-1,9.086184567E0
3.135388583E0,2.423161011E0,8.479416962E0,-1.118174744E-1,8.819564867E0
3.145437583E0,2.145488434E0,8.376880188E0,-4.125421143E-1,8.657103055E0
3.155487583E0,1.792971497E0,8.313861237E0,-7.650590515E-1,8.539341356E0
3.165536583E0,1.444795532E0,8.284222870E0,-1.039139099E0,8.473228001E0
3.175585583E0,1.171463928E0,8.298293610E0,-1.233135681E0,8.470810361E0
3.185635583E0,7.978408813E-1,8.237370300E0,-1.355581055E0,8.386204119E0
3.195684583E0,5.128335571E-1,8.233777771E0,-1.319655762E0,8.354614651E0
3.205733583E0,2.408491516E-1,8.195457458E0,-1.420845337E0,8.321197795E0
3.215783583E0,-4.176315308E-2,8.185428314E0,-1.581611023E0,8.336934345E0
3.225832583E0,-1.360670471E-1,8.078849945E0,-1.728755035E0,8.262864192E0
3.235881583E0,-4.564009094E-1,8.011190643E0,-2.010020142E0,8.272101201E0
3.245931583E0,-9.949809265E-1,8.014483795E0,-2.269131317E0,8.388736167E0
3.255980583E0,-1.371597748E0,7.870632935E0,-2.486479340E0,8.367241043E0
3.266029583E0,-1.685644684E0,7.823331299E0,-2.636916504E0,8.426104631E0
3.276079583E0,-2.116598511E0,7.839647369E0,-2.686313782E0,8.553148068E0
3.286128583E0,-2.404449921E0,7.773185577E0,-2.829565887E0,8.614536352E0
3.296177583E0,-2.480342102E0,7.782466278E0,-2.993475037E0,8.699412113E0
3.306227583E0,-2.796035614E0,7.765850830E0,-3.161575470E0,8.838654520E0
3.316276583E0,-3.130440216E0,7.628137207E0,-3.182382202E0,8.838308078E0
3.326325583E0,-3.478915558E0,7.638914795E0,-3.090772705E0,8.944760959E0
3.336374583E0,-3.629203033E0,7.639363861E0,-2.996768188E0,8.972826446E0
3.346424583E0,-3.580703888E0,7.712561646E0,-2.980751495E0,9.010545319E0
3.356473583E0,-3.414549408E0,7.653284912E0,-3.029400330E0,8.911183084E0
3.366522583E0,-3.433559875E0,7.486082611E0,-3.032394104E0,8.776456021E0
3.376572583E0,-3.633843384E0,7.336393890E0,-2.833607483E0,8.663534176E0
3.386621583E0,-3.883224792E0,7.156168671E0,-2.512525177E0,8.520737503E0
3.396670583E0,-4.114044800E0,6.998097382E0,-1.978884888E0,8.355520150E0
3.406720583E0,-4.417613525E0,6.963668976E0,-1.327888641E0,8.352920633E0
3.416769583E0,-4.489164734E0,6.949897614E0,-6.659651184E-1,8.300432903E0
3.426818583E0,-4.430037689E0,6.984176331E0,-1.645079041E-1,8.272304141E0
3.436868583E0,-4.409530334E0,6.998546448E0,2.588117981E-1,8.275904404E0
3.446917583E0,-4.412823486E0,6.998546448E0,6.408174133E-1,8.298392041E0
3.456966583E0,-4.440964966E0,7.061116333E0,7.309300232E-1,8.373517325E0
3.467016583E0,-4.382736053E0,7.005282440E0,5.827381897E-1,8.283836139E0
3.477065583E0,-4.356540527E0,6.891369324E0,6.749464417E-1,8.180829372E0
3.487114583E0,-4.353546753E0,6.742878113E0,8.782237244E-1,8.074097565E0
3.497164583E0,-4.537514191E0,6.667434998E0,1.180145874E0,8.150856934E0
3.507213583E0,-4.801116028E0,6.639293518E0,1.574725342E0,8.343302310E0
3.517262583E0,-4.985682220E0,6.575975189E0,1.984273682E0,8.487509584E0
3.527311583E0,-5.076992340E0,6.550827484E0,2.237846375E0,8.584704325E0
3.537361583E0,-5.090763702E0,6.488107910E0,2.544109497E0,8.630406274E0
3.547410583E0,-4.986730042E0,6.434519348E0,2.892884216E0,8.639403616E0
3.557459583E0,-4.551734619E0,6.379284210E0,2.959346008E0,8.376830181E0
3.567509583E0,-4.173471222E0,6.419400787E0,3.124452667E0,8.269750479E0
3.577558583E0,-3.945495300E0,6.243666229E0,3.412753143E0,8.136165262E0
3.587607583E0,-4.098626862E0,6.247408447E0,3.756588135E0,8.363062171E0
3.597657583E0,-4.391268311E0,6.102360077E0,4.061803436E0,8.545190638E0
3.607706583E0,-4.699327698E0,5.984854431E0,4.211641846E0,8.697131160E0
3.617755583E0,-4.792583771E0,5.966293030E0,4.200415192E0,8.729776601E0
3.627805583E0,-4.634662170E0,5.651797028E0,4.446054382E0,8.555133117E0
3.637854583E0,-4.582121429E0,5.698948975E0,4.836292877E0,8.767187976E0
3.647903583E0,-4.360881500E0,5.524112549E0,5.289550323E0,8.804115489E0
3.657953583E0,-4.017345886E0,5.517825623E0,5.633834381E0,8.850172733E0
3.668002583E0,-3.686833191E0,5.544919281E0,5.672304382E0,8.747222749E0
3.678051583E0,-3.452869720E0,5.483546906E0,5.847889252E0,8.728654230E0
3.688101583E0,-3.568728790E0,5.647605743E0,6.215225372E0,9.124708337E0
3.698150583E0,-3.747756500E0,5.856571198E0,6.743177490E0,9.685842640E0
3.708199583E0,-3.802093506E0,5.957760773E0,7.242389374E0,1.011943834E1
3.718249583E0,-3.617677002E0,5.905968475E0,7.470065918E0,1.018675293E1
3.728298583E0,-3.419189758E0,5.880072327E0,7.521409149E0,1.014089270E1
3.738347583E0,-3.168610840E0,5.775439911E0,7.486980743E0,9.972496251E0
3.748396583E0,-3.015928345E0,5.752238159E0,7.585775299E0,9.986393469E0
3.758446583E0,-2.987936554E0,5.860912170E0,7.844736786E0,1.023806386E1
3.768495583E0,-3.012485504E0,5.810616760E0,8.294551392E0,1.056588467E1
3.778544583E0,-3.003803558E0,5.771098938E0,8.632249146E0,1.080944698E1
3.788594583E0,-2.928360443E0,5.635630646E0,8.788075104E0,1.084278063E1
3.798643583E0,-3.029250641E0,5.797444153E0,8.644822998E0,1.084064956E1
3.808692583E0,-2.513273621E0,4.888983307E0,8.853638763E0,1.042140209E1
3.818742583E0,-2.728825378E0,5.192252655E0,8.567733307E0,1.038325718E1
3.828791583E0,-2.801274719E0,5.011877747E0,8.610993347E0,1.034965048E1
3.838840583E0,-2.948119354E0,4.987478485E0,8.602461090E0,1.037153249E1
3.848890583E0,-2.823129272E0,4.957690430E0,8.866062927E0,1.054304629E1
3.858939583E0,-2.566712494E0,4.820276184E0,9.126970367E0,1.063600788E1
3.868988583E0,-2.294728088E0,4.772226105E0,9.258397064E0,1.066573182E1
3.879038583E0,-2.092348938E0,4.593797150E0,9.313033447E0,1.059308682E1
3.889087583E0,-2.025138702E0,4.567302246E0,9.209897919E0,1.047776962E1
3.899136583E0,-2.054028625E0,4.509223022E0,9.078471222E0,1.034266724E1
3.909186583E0,-2.136058044E0,4.538412323E0,8.969198456E0,1.027649995E1
3.919235583E0,-2.140848083E0,4.540058899E0,8.793314209E0,1.012510445E1
3.929284583E0,-2.007774811E0,4.458029480E0,8.520132294E0,9.823331453E0
3.939334583E0,-1.774709473E0,4.473896484E0,8.323591003E0,9.614962853E0
3.949383583E0,-1.509910126E0,4.390370178E0,8.247848511E0,9.464786524E0
3.959432583E0,-1.332828369E0,4.356540527E0,8.320896606E0,9.486474433E0
3.969482583E0,-1.186732178E0,4.209845581E0,8.441845093E0,9.507674881E0
3.979531583E0,-1.081501007E0,4.163891144E0,8.634494476E0,9.646871449E0
3.989580583E0,-1.029858398E0,4.250560913E0,8.806337128E0,9.832570875E0
3.999629583E0,-7.878117371E-1,4.120930481E0,8.856482849E0,9.800000195E0
4.009679583E0,-5.031037903E-1,4.218377838E0,8.857979736E0,9.824033287E0
4.019728583E0,-1.977388000E-1,4.294719086E0,8.815617828E0,9.808100242E0
4.029777583E0,1.236428833E-1,4.322411499E0,8.711135101E0,9.725348502E0
4.039827583E0,4.794529724E-1,4.190386047E0,8.555159454E0,9.538341767E0
4.049876583E0,8.858578491E-1,4.269870758E0,8.410410461E0,9.473729179E0
4.059925583E0,1.263372803E0,4.275409241E0,8.171207886E0,9.308269083E0
4.069975583E0,1.519041138E0,4.305496674E0,8.166866913E0,9.356415059E0
4.080028958E0,1.587149506E0,4.539011078E0,8.324788513E0,9.613728148E0
4.090077958E0,1.689087524E0,4.547693024E0,8.581055603E0,9.857435963E0
4.100127958E0,1.844165039E0,4.520150299E0,8.991801453E0,1.023157841E1
4.110176958E0,2.032772827E0,4.621788940E0,9.334289246E0,1.061235384E1
4.120225958E0,2.180814972E0,4.686604156E0,9.588311005E0,1.089292983E1
4.130275958E0,2.358495483E0,4.764741669E0,9.863139496E0,1.120476617E1
4.140324958E0,2.660118256E0,4.910688171E0,1.008527756E1,1.152839585E1
4.150373958E0,3.011287994E0,5.079087982E0,1.005504044E1,1.166056724E1
4.160423958E0,3.474125519E0,5.208119659E0,9.971813507E0,1.177417187E1
4.170472958E0,3.969744873E0,5.333259430E0,9.901160431E0,1.192625291E1
4.180521958E0,4.430786133E0,5.445076904E0,9.927505646E0,1.215878681E1
4.190571958E0,4.738097076E0,5.515430603E0,1.009216324E1,1.243870160E1
4.200620958E0,4.929548950E0,5.568121033E0,1.028017227E1,1.268804030E1
4.210669958E0,5.123695221E0,5.675148468E0,1.042716660E1,1.293001802E1
4.220718958E0,5.269641724E0,5.787714386E0,1.044692551E1,1.305392716E1
4.230768958E0,5.553601227E0,5.799090729E0,1.028870453E1,1.305102987E1
4.240817958E0,5.938600616E0,5.809419250E0,1.022583527E1,1.317512946E1
4.250866958E0,6.283932495E0,5.831124115E0,1.020787262E1,1.333005924E1
4.260916958E0,6.471193085E0,5.848038940E0,1.024439667E1,1.345449971E1
4.270965958E0,6.395001526E0,5.850883026E0,1.035337006E1,1.350263486E1
4.281014958E0,6.189179535E0,5.839656372E0,1.046533722E1,1.348817308E1
4.291064958E0,6.056255951E0,5.732928314E0,1.045081741E1,1.337027628E1
4.301113958E0,6.031108246E0,5.609135742E0,1.031025970E1,1.319614056E1
4.311162958E0,6.042933655E0,5.535937958E0,1.004770569E1,1.296611144E1
4.321212958E0,6.079008636E0,5.473068695E0,9.724527740E0,1.270729187E1
4.331261958E0,6.141877899E0,5.402265930E0,9.243128815E0,1.234271330E1
4.341310958E0,6.225254517E0,5.241051178E0,8.680897980E0,1.189875628E1
4.351360958E0,6.220763855E0,5.075046387E0,8.208779755E0,1.148207576E1
4.361409958E0,6.093229065E0,4.945715332E0,7.761509857E0,1.103759828E1
4.371458958E0,5.923482056E0,4.816234589E0,7.377558289E0,1.061659652E1
4.381508958E0,5.816903687E0,4.778812408E0,7.028933258E0,1.029948151E1
4.391557958E0,5.689368896E0,4.969066772E0,6.621181183E0,1.004492824E1
4.401606958E0,5.699697418E0,5.102589111E0,6.098468170E0,9.783367535E0
4.411656958E0,5.901028748E0,5.139113159E0,5.578898621E0,9.610241108E0
4.421705958E0,6.095773773E0,5.354066162E0,5.201233978E0,9.637287858E0
4.431754958E0,6.204747162E0,5.531896362E0,4.936434631E0,9.667944537E0
4.441804958E0,6.194867706E0,5.693111115E0,4.756957855E0,9.665223644E0
4.451853958E0,6.196514282E0,5.800737305E0,4.593647461E0,9.651266213E0
4.461902958E0,6.210884399E0,5.898783417E0,4.433779907E0,9.645161227E0
4.471952958E0,6.170618134E0,5.919141083E0,4.334536285E0,9.586499054E0
4.482001958E0,6.146368561E0,5.929469604E0,4.289629669E0,9.557059117E0
4.492050958E0,5.969137115E0,5.955814819E0,4.206552429E0,9.423237841E0
4.502099958E0,5.726791077E0,5.892346802E0,4.210893402E0,9.232957820E0
4.512149958E0,5.470523987E0,5.793552246E0,4.277055817E0,9.043510755E0
4.522198958E0,5.193899231E0,5.683231659E0,4.444707184E0,8.889945628E0
4.532247958E0,4.938679962E0,5.641917572E0,4.671186218E0,8.834125556E0
4.542297958E0,4.716541901E0,5.550308075E0,4.903952179E0,8.780685292E0
4.552346958E0,4.475093994E0,5.524860992E0,5.180576935E0,8.797097966E0
4.562395958E0,4.257596283E0,5.459297333E0,5.417833557E0,8.791130412E0
4.572445958E0,4.047882385E0,5.436544647E0,5.620811462E0,8.805389884E0
4.582494958E0,3.958218842E0,5.414989471E0,5.758225708E0,8.840066215E0
4.592543958E0,3.882027283E0,5.482499084E0,5.816304932E0,8.885794005E0
4.602593958E0,3.705394592E0,5.588927765E0,5.833070068E0,8.887675122E0
4.612642958E0,3.565735016E0,5.688171387E0,5.815855865E0,8.882226037E0
4.622691958E0,3.483855286E0,5.680686951E0,5.774242401E0,8.817557893E0
4.632741958E0,3.296594696E0,5.688620453E0,5.766009521E0,8.744987424E0
4.642790958E0,2.919379120E0,5.872587891E0,5.734275513E0,8.711600234E0
4.652839958E0,2.709665222E0,5.889652405E0,5.655838623E0,8.603418018E0
4.662889958E0,2.524350586E0,5.906716919E0,5.563330994E0,8.497782204E0
4.672938958E0,2.381697235E0,5.896089020E0,5.469027100E0,8.387288290E0
4.682987958E0,2.201172638E0,6.017486572E0,5.465883636E0,8.422065635E0
4.693037958E0,2.084714813E0,5.967640228E0,5.422623596E0,8.328481999E0
4.703086958E0,2.004481659E0,5.987997894E0,5.367987213E0,8.287903970E0
4.713135958E0,1.842518463E0,6.050867157E0,5.316494293E0,8.262746469E0
4.723184958E0,1.733096008E0,6.127507782E0,5.309009857E0,8.290691108E0
4.733234958E0,1.580563202E0,6.196813660E0,5.329666901E0,8.324904134E0
4.743283958E0,1.393901367E0,6.240373077E0,5.381459198E0,8.357351271E0
4.753332958E0,1.215023346E0,6.390361176E0,5.552403717E0,8.552320429E0
4.763382958E0,1.177601166E0,6.413712616E0,5.627697144E0,8.613560772E0
4.773431958E0,1.134640503E0,6.632258148E0,5.661227417E0,8.793392581E0
4.783480958E0,1.179846497E0,6.778204651E0,5.632187805E0,8.891436077E0
4.793530958E0,1.292861481E0,6.935377808E0,5.659880219E0,9.044622725E0
4.803579958E0,1.350641327E0,7.098538513E0,5.720653839E0,9.216255279E0
4.813628958E0,1.397942963E0,7.237299957E0,5.836063843E0,9.401723054E0
4.823678958E0,1.487606506E0,7.410789185E0,5.961652679E0,9.626737356E0
4.833727958E0,1.715283051E0,7.456144867E0,6.066584473E0,9.764207054E0
4.843776958E0,1.923799438E0,7.644004211E0,6.315965881E0,1.010065491E1
4.853826958E0,2.098785553E0,7.593259735E0,6.526278534E0,1.023009314E1
4.863875958E0,2.097737732E0,7.441325684E0,6.725963287E0,1.024755647E1
4.873924958E0,1.907183990E0,7.357799377E0,6.992259521E0,1.032793569E1
4.883974958E0,1.663939819E0,7.197931824E0,7.291786652E0,1.038022499E1
4.894023958E0,1.397194519E0,7.086563416E0,7.592062225E0,1.047907164E1
4.904072958E0,1.269060974E0,6.888525238E0,7.757318573E0,1.045171216E1
4.914122958E0,1.268013153E0,6.866071930E0,7.867938538E0,1.051928030E1
4.924171958E0,1.389560394E0,6.808741150E0,7.904761963E0,1.052497486E1
4.934220958E0,1.504521332E0,6.820416870E0,7.930658112E0,1.056773433E1
4.944270958E0,1.679507446E0,6.857090607E0,7.897876282E0,1.059324722E1
4.954319958E0,1.890418854E0,6.845414886E0,7.828869781E0,1.056998536E1
4.964368958E0,2.024689636E0,6.831194458E0,7.755073242E0,1.053117975E1
4.974417958E0,2.020947418E0,6.791227570E0,7.793393555E0,1.053290005E1
4.984467958E0,1.914069672E0,6.757248230E0,7.859406281E0,1.054012967E1
4.994516958E0,1.835333405E0,6.713988190E0,7.879165192E0,1.051319791E1
5.004565958E0,1.814227295E0,6.648574219E0,7.911647644E0,1.049233664E1
5.014615958E0,1.798360291E0,6.604565735E0,7.959248657E0,1.049781060E1
5.024664958E0,1.785936127E0,6.405330048E0,7.929610291E0,1.034874583E1
5.034713958E0,1.737586670E0,6.413113861E0,7.973768463E0,1.037922060E1
5.044763958E0,1.742825775E0,6.410569153E0,7.954159241E0,1.036346891E1
5.054812958E0,1.940115509E0,6.335275726E0,7.869734802E0,1.028749204E1
5.064861958E0,2.024539948E0,6.329886932E0,7.803722076E0,1.025008823E1
5.074907708E0,2.036814423E0,6.241271210E0,7.811056824E0,1.020366052E1
5.084956708E0,1.910327454E0,6.248156891E0,7.825426941E0,1.019441623E1
5.095005708E0,1.803749084E0,6.038742371E0,7.842042389E0,1.006069327E1
5.105055708E0,1.650617523E0,5.974226532E0,7.857310638E0,1.000765963E1
5.115104708E0,1.546134796E0,5.890700226E0,7.856113129E0,9.940291517E0
5.125153708E0,1.515747986E0,5.723198547E0,7.793842621E0,9.787567439E0
5.135203708E0,1.483415222E0,5.681136017E0,7.812853088E0,9.773254348E0
5.145252708E0,1.457070007E0,5.670807495E0,7.842491455E0,9.787021144E0
5.155301708E0,1.381776581E0,5.612578583E0,7.830216980E0,9.732555822E0
5.165351708E0,1.329385529E0,5.573958893E0,7.812703400E0,9.688891476E0
5.175400708E0,1.220861206E0,5.643564148E0,7.855664063E0,9.749450048E0
5.185449708E0,1.141825562E0,5.605094147E0,7.849676514E0,9.712788857E0
5.195499708E0,1.080752563E0,5.611979828E0,7.817942505E0,9.684140060E0
5.205548708E0,9.776170349E-1,5.702691193E0,7.819140015E0,9.727043357E0
5.215597708E0,8.762777710E-1,5.771548004E0,7.836952972E0,9.772229070E0
5.225646708E0,7.704478455E-1,5.862409058E0,7.854017487E0,9.830921652E0
5.235696708E0,7.710466003E-1,5.817203064E0,7.916587372E0,9.854274198E0
5.245745708E0,7.833210754E-1,5.771997070E0,8.026608582E0,9.917458717E0
5.255794708E0,7.825726318E-1,5.666316833E0,8.123457184E0,9.935296825E0
5.265844708E0,7.542814636E-1,5.558241577E0,8.156239014E0,9.898849671E0
5.275893708E0,6.466552734E-1,5.412295074E0,8.157586212E0,9.811081175E0
5.285942708E0,5.051994324E-1,5.399421844E0,8.178392944E0,9.813006363E0
5.295992708E0,3.282673645E-1,5.406606903E0,8.173752594E0,9.805579490E0
5.306041708E0,1.781295776E-1,5.379812622E0,8.097860413E0,9.723654522E0
5.316090708E0,4.505630493E-2,5.373675385E0,8.051606598E0,9.680226548E0
5.326140708E0,2.215393066E-2,5.410947876E0,8.015830994E0,9.671214724E0
5.336189708E0,3.278182983E-2,5.289550323E0,7.943681030E0,9.543714454E0
5.346238708E0,9.669891357E-2,5.224585419E0,7.908953247E0,9.479302978E0
5.356288708E0,4.670288086E-2,5.204976196E0,7.849975891E0,9.418921374E0
5.366337708E0,-7.394622803E-2,5.105433197E0,7.806266785E0,9.327846337E0
5.376386708E0,-3.201841736E-1,5.170098724E0,7.845036163E0,9.400905867E0
5.386436708E0,-4.810995483E-1,5.043312378E0,7.769892426E0,9.275650102E0
5.396485708E0,-6.328839111E-1,5.065166931E0,7.705077209E0,9.242546883E0
5.406534708E0,-7.656578064E-1,5.018613739E0,7.589068451E0,9.130535345E0
5.416584708E0,-8.066725159E-1,5.019362183E0,7.532935181E0,9.087894679E0
5.426633708E0,-7.491920471E-1,5.029690704E0,7.623945923E0,9.164258221E0
5.436682708E0,-7.246430969E-1,4.944667511E0,7.758965149E0,9.229105298E0
5.446732708E0,-7.306306458E-1,4.738995209E0,7.914791107E0,9.253962124E0
5.456781708E0,-7.839198303E-1,4.669090576E0,8.119415588E0,9.398927950E0
5.466830708E0,-8.792715454E-1,4.577630768E0,8.200696564E0,9.432881110E0
5.476879708E0,-1.019080811E0,4.508324890E0,8.275840302E0,9.479084962E0
5.486929708E0,-1.154249725E0,4.477489014E0,8.281079407E0,9.484538810E0
5.496978708E0,-1.242266693E0,4.415667572E0,8.214467926E0,9.408444608E0
5.507027708E0,-1.324745178E0,4.287833405E0,8.183182983E0,9.333003205E0
5.517077708E0,-1.432521057E0,4.086502075E0,8.177045746E0,9.252874846E0
5.527126708E0,-1.443448334E0,3.909869385E0,8.266709290E0,9.257921158E0
5.537175708E0,-1.504072266E0,3.866010590E0,8.387208710E0,9.357004927E0
5.547225708E0,-1.516795807E0,3.778442688E0,8.413254547E0,9.346665220E0
5.557274708E0,-1.558858337E0,3.784280548E0,8.473429413E0,9.410091636E0
5.567323708E0,-1.594783630E0,3.770958252E0,8.555758209E0,9.484959647E0
5.577373708E0,-1.645528107E0,3.657344513E0,8.600365448E0,9.489479305E0
5.587422708E0,-1.684896240E0,3.528013458E0,8.703800354E0,9.541587651E0
5.597471708E0,-1.689985657E0,3.393592987E0,8.763226776E0,9.548123816E0
5.607521708E0,-1.645079041E0,3.244802399E0,8.837173004E0,9.556707297E0
5.617570708E0,-1.609004059E0,3.210523682E0,8.931327209E0,9.626264182E0
5.627619708E0,-1.511706390E0,3.157084808E0,9.040300598E0,9.694301192E0
5.637669708E0,-1.500928802E0,3.190315704E0,9.130862274E0,9.787928659E0
5.647718708E0,-1.469943237E0,3.202889557E0,9.202862549E0,9.854537723E0
5.657767708E0,-1.381177826E0,3.191812592E0,9.218579865E0,9.852793235E0
5.667817708E0,-1.222358093E0,3.149450684E0,9.153315582E0,9.756863485E0
5.677866708E0,-1.056952057E0,3.136427765E0,9.122629395E0,9.704467726E0
5.687915708E0,-8.943901062E-1,3.155438232E0,9.145980835E0,9.716259030E0
5.697965708E0,-7.003935242E-1,3.124752045E0,9.178463287E0,9.721050085E0
5.708014708E0,-4.667294312E-1,3.053200836E0,9.227561188E0,9.730763443E0
5.718063708E0,-2.579136658E-1,3.018023987E0,9.296417999E0,9.777442194E0
5.728113708E0,-1.098715210E-1,2.973716125E0,9.322912903E0,9.786304938E0
5.738162708E0,4.041595459E-2,2.896776123E0,9.234446869E0,9.678220618E0
5.748211708E0,1.577719116E-1,2.834056549E0,9.107361145E0,9.539433711E0
5.758261708E0,2.713856506E-1,2.767744446E0,9.044042816E0,9.461964381E0
5.768310708E0,3.884422302E-1,2.711162109E0,9.008716278E0,9.415851333E0
5.778359708E0,4.992118835E-1,2.699037323E0,8.973689117E0,9.384088200E0
5.788408708E0,6.483018494E-1,2.777174835E0,8.941655731E0,9.385425007E0
5.798458708E0,8.937913513E-1,2.876268768E0,8.876391449E0,9.373479085E0
5.808507708E0,1.165775757E0,2.955454102E0,8.731941833E0,9.291961593E0
5.818556708E0,1.257834320E0,3.095113678E0,8.607999573E0,9.233608856E0
5.828606708E0,1.213825836E0,3.229983215E0,8.519683228E0,9.191907693E0
5.838655708E0,1.118923187E0,3.374283142E0,8.417745209E0,9.137626071E0
5.848704708E0,1.040186920E0,3.467688904E0,8.274642792E0,9.031974784E0
5.858754708E0,1.030606842E0,3.488944702E0,8.184979248E0,8.957051462E0
5.868803708E0,1.029858398E0,3.432362366E0,8.231682129E0,8.977878948E0
5.878852708E0,9.883946228E-1,3.360212402E0,8.384664001E0,9.086833427E0
5.888902708E0,8.837622070E-1,3.339705048E0,8.668324127E0,9.331372279E0
5.898951708E0,8.333171082E-1,3.242257690E0,9.033414917E0,9.633755104E0
5.909000708E0,8.011340332E-1,3.192710724E0,9.332193604E0,9.895708916E0
5.919050708E0,6.563850403E-1,3.181484070E0,9.586365051E0,1.012181195E1
5.929099708E0,5.185217285E-1,3.065924377E0,9.801916809E0,1.028330347E1
5.939148708E0,3.917353821E-1,2.911595306E0,9.965227203E0,1.038925392E1
5.949198708E0,2.721340942E-1,2.739752655E0,1.007719437E1,1.044653760E1
5.959247708E0,1.648072815E-1,2.599194946E0,1.018317398E1,1.051094706E1
5.969296708E0,6.271957397E-2,2.452350311E0,1.027628036E1,1.056503166E1
5.979346708E0,-4.535568237E-2,2.332898712E0,1.032433044E1,1.058471883E1
5.989395708E0,-1.965412903E-1,2.264640656E0,1.035456757E1,1.060114594E1
5.999444708E0,-3.746708679E-1,2.235750732E0,1.029319519E1,1.053986844E1
6.009494708E0,-5.246589661E-1,2.158361664E0,1.023107437E1,1.046941617E1
6.019543708E0,-6.816824341E-1,2.060465240E0,1.019125717E1,1.041978554E1
6.029592708E0,-7.310797119E-1,1.810185699E0,1.012120285E1,1.030776392E1
6.039641708E0,-8.631051636E-1,1.567689972E0,1.005608826E1,1.021408407E1
6.049691708E0,-1.142873383E0,1.450334015E0,1.007869125E1,1.024644552E1
6.059740708E0,-1.368005219E0,1.296004944E0,1.005698639E1,1.023201067E1
6.069789708E0,-1.650767212E0,1.242865448E0,1.007225464E1,1.028202609E1
6.079839458E0,-1.827848969E0,1.150806885E0,1.011252090E1,1.034062220E1
6.089888458E0,-1.866019592E0,9.285191345E-1,1.008273285E1,1.029590591E1
6.099937458E0,-1.988315277E0,8.421487427E-1,1.004740631E1,1.027681788E1
6.109987458E0,-2.078278198E0,6.731501770E-1,1.002480331E1,1.026007080E1
6.120036458E0,-2.140548706E0,4.336482239E-1,9.893226929E0,1.013143320E1
6.130085458E0,-2.371967468E0,3.347039795E-1,9.811047821E0,1.009925323E1
6.140135458E0,-2.541564789E0,2.939886475E-1,9.735005951E0,1.006560091E1
6.150184458E0,-2.552492065E0,1.960922241E-1,9.696835327E0,1.002907190E1
6.160233458E0,-2.625390472E0,1.531315613E-1,9.666897583E0,1.001823504E1
6.170283458E0,-2.647245026E0,8.936416626E-2,9.447753296E0,9.812030092E0
6.180332458E0,-2.677631836E0,6.227050781E-2,9.136400757E0,9.520893270E0
6.190381458E0,-2.728825378E0,-4.041595459E-2,8.923842773E0,9.331832148E0
6.200431458E0,-2.897674255E0,-2.386038208E-1,9.069938965E0,9.524559869E0
6.210480458E0,-3.238814850E0,-3.502716064E-1,9.354946289E0,9.905939224E0
6.220529458E0,-3.451372833E0,-5.487588501E-1,9.622589722E0,1.023754578E1
6.230579458E0,-3.616928558E0,-6.367758179E-1,9.770033112E0,1.043749025E1
6.240628458E0,-3.648063812E0,-8.104147339E-1,9.708660736E0,1.040303970E1
6.250677458E0,-3.678151245E0,-8.184979248E-1,9.475445709E0,1.019719603E1
6.260727458E0,-3.639082489E0,-8.731343079E-1,9.079968109E0,9.820952385E0
6.270776458E0,-3.582799530E0,-9.509724426E-1,8.563542023E0,9.331401451E0
6.280825458E0,-3.528761902E0,-1.081051941E0,8.066126404E0,8.870356758E0
6.290875458E0,-3.552412720E0,-1.186732178E0,7.890092468E0,8.733929731E0
6.300924458E0,-3.621868286E0,-1.240620117E0,7.880662079E0,8.761387045E0
6.310973458E0,-3.569626923E0,-1.423839111E0,8.001161499E0,8.876268333E0
6.321023458E0,-3.534899139E0,-1.535207520E0,8.262667694E0,9.117239246E0
6.331072458E0,-3.417543182E0,-1.672322388E0,8.513695679E0,9.325195852E0
6.341121458E0,-3.168910217E0,-1.848506012E0,8.630003815E0,9.377416077E0
6.351171458E0,-2.929707642E0,-1.996099091E0,8.634344788E0,9.333783175E0
6.361220458E0,-2.800825653E0,-2.095941467E0,8.557704163E0,9.245101163E0
6.371269458E0,-2.672991486E0,-2.223476257E0,8.406518555E0,9.097158038E0
6.381319458E0,-2.593057709E0,-2.317929840E0,8.271798706E0,8.973260325E0
6.391368458E0,-2.582878876E0,-2.341580658E0,8.150850220E0,8.865135226E0
6.401417458E0,-2.611020355E0,-2.263892212E0,8.135731659E0,8.839274001E0
6.411466458E0,-2.474204865E0,-2.310295715E0,8.127498779E0,8.804282618E0
6.421516458E0,-2.268532562E0,-2.401456146E0,8.202492828E0,8.842743930E0
6.431565458E0,-2.137105865E0,-2.450254669E0,8.262368317E0,8.879059614E0
6.441614458E0,-2.062860260E0,-2.517764282E0,8.255033569E0,8.873562344E0
6.451664458E0,-2.016307068E0,-2.618055725E0,8.179141388E0,8.821454745E0
6.461713458E0,-1.998344421E0,-2.711311798E0,8.044421539E0,8.721084221E0
6.471762458E0,-1.944157104E0,-2.907853088E0,7.923772430E0,8.661496751E0
6.481812458E0,-1.970652008E0,-3.002456360E0,7.965086517E0,8.737323203E0
6.491861458E0,-1.967807922E0,-3.172802124E0,8.120164032E0,8.937337704E0
6.501910458E0,-1.960323486E0,-3.372187500E0,8.458460541E0,9.314508652E0
6.511960458E0,-2.100432129E0,-3.396736450E0,8.831784210E0,9.692783190E0
6.522009458E0,-2.094444580E0,-3.543281708E0,9.191785583E0,1.007126931E1
6.532058458E0,-2.109712830E0,-3.714076538E0,9.433832245E0,1.035579275E1
6.542108458E0,-2.197280731E0,-3.811972961E0,9.545200653E0,1.051047268E1
6.552157458E0,-2.244432678E0,-3.943100281E0,9.420659637E0,1.045630651E1
6.562206458E0,-2.232158203E0,-4.063749390E0,9.296717377E0,1.038872193E1
6.572256458E0,-2.207459564E0,-4.101171570E0,9.312434692E0,1.041220082E1
6.582305458E0,-2.129920807E0,-4.142186279E0,9.483379211E0,1.056545082E1
6.592354458E0,-2.049987030E0,-4.213438110E0,9.887239380E0,1.094134407E1
6.602404458E0,-2.029030609E0,-4.175566864E0,1.047476761E1,1.145744650E1
6.612453458E0,-1.996548157E0,-4.292024689E0,1.105915237E1,1.202965219E1
6.622502458E0,-1.991907806E0,-4.447700958E0,1.151854706E1,1.250706468E1
6.632552458E0,-2.049987030E0,-4.562063141E0,1.183049835E1,1.284428115E1
6.642601458E0,-2.074835358E0,-4.725672913E0,1.179876434E1,1.287818956E1
6.652650458E0,-2.144739990E0,-4.888534241E0,1.163156204E1,1.279808236E1
6.662700458E0,-2.313289490E0,-4.987328796E0,1.125269989E1,1.252389762E1
6.672749458E0,-2.436183929E0,-5.122497711E0,1.073792038E1,1.214404830E1
6.682798458E0,-2.460433502E0,-5.297483826E0,1.017179764E1,1.172955818E1
6.692848458E0,-2.595752106E0,-5.318739624E0,9.672585754E0,1.133956945E1
6.702897458E0,-2.785407715E0,-5.329666901E0,9.336534576E0,1.110561675E1
6.712946458E0,-2.923720093E0,-5.283113708E0,9.155411224E0,1.096726877E1
6.722996458E0,-3.005450134E0,-5.208419037E0,9.063502350E0,1.087692209E1
6.733045458E0,-3.031795349E0,-5.206622772E0,9.046288147E0,1.086904011E1
6.743094458E0,-3.091072083E0,-5.192701721E0,9.198820953E0,1.100623390E1
6.753144458E0,-3.058589630E0,-5.141807556E0,9.283544769E0,1.104433606E1
6.763193458E0,-2.853516083E0,-5.119953003E0,9.164991302E0,1.087904124E1
6.773242458E0,-2.644700317E0,-5.006638641E0,9.135502625E0,1.074794299E1
6.783292458E0,-2.389181671E0,-4.891977081E0,9.283395081E0,1.076201900E1
6.793341458E0,-2.075284424E0,-4.812492371E0,9.304052124E0,1.067858952E1
6.803390458E0,-1.914518738E0,-4.707859955E0,9.250164185E0,1.055437657E1
6.813439458E0,-1.910626831E0,-4.595144348E0,9.182205505E0,1.044407700E1
6.823489458E0,-1.933080139E0,-4.427942047E0,8.949439545E0,1.017034600E1
6.833538458E0,-1.952090607E0,-4.257745972E0,8.862470398E0,1.002409298E1
6.843587458E0,-1.929337921E0,-4.170028381E0,9.055868225E0,1.015481319E1
6.853637458E0,-1.857187958E0,-4.093687134E0,9.391769714E0,1.041214482E1
6.863686458E0,-1.712588654E0,-3.986360321E0,9.528585205E0,1.046985981E1
6.873735458E0,-1.476978607E0,-3.901486816E0,9.636211395E0,1.050045881E1
6.883785458E0,-1.347797241E0,-3.713627472E0,9.841584320E0,1.060492189E1
6.893834458E0,-1.321002960E0,-3.567531281E0,1.010638367E1,1.079867210E1
6.903883458E0,-1.361269226E0,-3.458258514E0,1.032028885E1,1.096909147E1
6.913933458E0,-1.421743469E0,-3.244053955E0,1.046503784E1,1.104817893E1
6.923982458E0,-1.335522766E0,-3.104095001E0,1.039243881E1,1.092802870E1
6.934031458E0,-1.203796692E0,-2.834655304E0,1.000055374E1,1.046400842E1
6.944081458E0,-1.056652679E0,-2.609224091E0,9.471104736E0,9.880606771E0
6.954130458E0,-8.997789001E-1,-2.355352020E0,8.991352386E0,9.338185206E0
6.964179458E0,-6.750961304E-1,-2.145488434E0,8.745264130E0,9.029868222E0
6.974229458E0,-5.098397827E-1,-1.955982513E0,8.872649231E0,9.099983987E0
6.984278458E0,-4.787045288E-1,-1.758692780E0,9.249266052E0,9.427145953E0
6.994327458E0,-4.637356567E-1,-1.606758728E0,9.708810425E0,9.851787870E0
7.004377458E0,-3.900888062E-1,-1.476679230E0,1.019529877E1,1.030906726E1
7.014426458E0,-3.303630066E-1,-1.355880432E0,1.058029816E1,1.067193799E1
7.024475458E0,-2.197430420E-1,-1.277892609E0,1.073522598E1,1.081324990E1
7.034525458E0,-1.109193420E-1,-1.140777740E0,1.065005310E1,1.071155021E1
7.044574458E0,-1.212478638E-2,-9.366023254E-1,1.041085052E1,1.045290293E1
7.054623458E0,8.143066406E-2,-8.472381592E-1,1.003064117E1,1.006668793E1
7.064673458E0,3.951782227E-2,-5.354365540E-1,9.757309570E0,9.772069587E0
7.074722458E0,7.933502197E-3,-2.856060791E-1,9.635912018E0,9.640147000E0
7.084772083E0,4.266128540E-2,-2.330653381E-1,9.621242523E0,9.624159554E0
7.094822083E0,1.182540894E-2,-4.730163574E-2,9.737850037E0,9.737972100E0
7.104871083E0,6.286926270E-3,1.282832336E-1,9.985734558E0,9.986560508E0
7.114920083E0,-4.340972900E-3,2.392025757E-1,1.032028885E1,1.032306150E1
7.124970083E0,-6.870712280E-2,3.772155762E-1,1.072579559E1,1.073264662E1
7.135019083E0,-8.143066406E-2,5.156776428E-1,1.120479950E1,1.121695530E1
7.145068083E0,-5.703140259E-2,7.021897888E-1,1.160222305E1,1.162359251E1
7.155118083E0,-1.616638184E-2,7.979905701E-1,1.179771652E1,1.182468458E1
7.165167083E0,4.939727783E-3,1.053658905E0,1.176238998E1,1.180948939E1
7.175216083E0,-3.802093506E-2,1.291514282E0,1.161898819E1,1.169060911E1
7.185266083E0,-9.819580078E-2,1.449435883E0,1.155222702E1,1.164321502E1
7.195315083E0,-1.243913269E-1,1.686393127E0,1.137319931E1,1.149821976E1
7.205364083E0,-1.469943237E-1,1.908531189E0,1.132529892E1,1.148592592E1
7.215414083E0,-1.221459961E-1,2.163002014E0,1.118354370E1,1.139145061E1
7.225463083E0,-7.469467163E-2,2.361638947E0,1.092218719E1,1.117484187E1
7.235512083E0,-7.499404907E-2,2.614762573E0,1.071067703E1,1.102548003E1
7.245561083E0,-6.301895142E-2,2.902164917E0,1.048150360E1,1.087604939E1
7.255611083E0,-1.761836243E-1,3.147804108E0,1.031879196E1,1.078967928E1
7.265660083E0,-1.472937012E-1,3.310066681E0,1.018302429E1,1.070851160E1
7.275709083E0,-1.312770081E-1,3.531156921E0,1.021685394E1,1.081066174E1
7.285759083E0,-9.355545044E-2,3.704945526E0,1.012524445E1,1.078220520E1
7.295808083E0,-8.232879639E-3,3.779939575E0,9.917027435E0,1.061298469E1
7.305857083E0,-3.367996216E-2,3.913761292E0,9.675130463E0,1.043680082E1
7.315907083E0,-8.756790161E-2,4.032015381E0,9.367071075E0,1.019837422E1
7.325956083E0,-1.811233521E-1,4.138593750E0,9.333989868E0,1.021196018E1
7.336005083E0,-2.598596191E-1,4.297563171E0,9.387578430E0,1.032778800E1
7.346055083E0,-2.198927307E-1,4.397405548E0,9.078920288E0,1.009020921E1
7.356104083E0,-1.698966980E-1,4.550986176E0,8.758287048E0,9.871571915E0
7.366153083E0,-1.327738953E-1,4.814588013E0,8.338110809E0,9.629225229E0
7.376203083E0,-5.089416504E-3,4.953199768E0,7.916737061E0,9.338572671E0
7.386252083E0,4.026626587E-2,5.157375183E0,7.551646271E0,9.144807354E0
7.396301083E0,2.484832764E-2,5.346731415E0,7.059769135E0,8.855986365E0
7.406351083E0,4.849914551E-2,5.469027100E0,6.581513672E0,8.557390478E0
7.416400083E0,-1.960922241E-2,5.649402008E0,6.218518524E0,8.401553440E0
7.426449083E0,-8.262817383E-2,5.810616760E0,5.951324158E0,8.317953701E0
7.436499083E0,-1.219963074E-1,5.912105713E0,5.727389832E0,8.232306563E0
7.446548083E0,-1.573228455E-1,6.074368286E0,5.353617096E0,8.098389751E0
7.456597083E0,-1.351689148E-1,6.189628601E0,4.975503387E0,7.942632235E0
7.466647083E0,-1.320254517E-1,6.356980591E0,4.496050415E0,7.787368123E0
7.476696083E0,-1.058299255E-1,6.545139313E0,4.001329193E0,7.672071683E0
7.486745083E0,-6.062393188E-2,6.692582703E0,3.685485992E0,7.640493799E0
7.496795083E0,-9.430389404E-3,6.907535706E0,3.545377350E0,7.764266804E0
7.506844083E0,8.981323242E-4,7.042554932E0,3.617826691E0,7.917464918E0
7.516893083E0,-4.221221924E-2,7.212451630E0,3.735781403E0,8.122641385E0
7.526943083E0,-9.969268799E-2,7.388485565E0,3.681743774E0,8.255597786E0
7.536992083E0,-8.891510010E-2,7.582332458E0,3.532953186E0,8.365490399E0
7.547041083E0,-1.362167358E-2,7.816894684E0,3.564986572E0,8.591458392E0
7.557091083E0,6.586303711E-2,8.015082550E0,3.527863770E0,8.757380259E0
7.567140083E0,5.373825073E-2,8.138276367E0,3.467688904E0,8.846428452E0
7.577189083E0,-5.538482666E-2,8.300538940E0,3.479813690E0,9.000617618E0
7.587239083E0,-1.498384094E-1,8.411607971E0,3.477718048E0,9.103412713E0
7.597288083E0,-2.799179077E-1,8.525820465E0,3.629053345E0,9.270274905E0
7.607337083E0,-4.622387695E-1,8.663234711E0,3.947441254E0,9.531400358E0
7.617386083E0,-5.007087708E-1,8.726702728E0,4.113595734E0,9.660627290E0
7.627436083E0,-4.179309082E-1,8.836574249E0,4.210444336E0,9.797323727E0
7.637485083E0,-3.659889221E-1,8.990903320E0,4.309089203E0,9.976900328E0
7.647534083E0,-2.930905151E-1,9.069938965E0,4.320016479E0,1.005048443E1
7.657584083E0,-3.745211792E-1,9.134155426E0,4.294419708E0,1.010025258E1
7.667633083E0,-4.180805969E-1,9.132658539E0,3.991449738E0,9.975565868E0
7.677682083E0,-4.969665527E-1,9.187594299E0,3.604354706E0,9.881813478E0
7.687732083E0,-5.260061646E-1,9.346713409E0,3.364403687E0,9.947710601E0
7.697781083E0,-4.192781067E-1,9.435778198E0,3.352278900E0,1.002234893E1
7.707830083E0,-2.883004761E-1,9.423204346E0,3.215463409E0,9.960878588E0
7.717880083E0,-1.933978271E-1,9.355545044E0,3.013233948E0,9.830727573E0
7.727929083E0,-1.419049072E-1,9.296118622E0,2.857258301E0,9.726349954E0
7.737978083E0,-1.044827271E-1,9.140592041E0,2.355501709E0,9.439794903E0
7.748028083E0,-1.681004333E-1,9.048234100E0,1.753453674E0,9.218101642E0
7.758077083E0,-2.186952209E-1,8.894952850E0,1.241368561E0,8.983819328E0
7.768126083E0,-2.308200073E-1,8.749156036E0,8.408015442E-1,8.792494325E0
7.778176083E0,-1.550775146E-1,8.636440430E0,5.544470215E-1,8.655608808E0
7.788225083E0,-1.775308228E-1,8.573421478E0,4.116439819E-1,8.585133884E0
7.798274083E0,-2.510279846E-1,8.472531281E0,3.171903992E-1,8.482181977E0
7.808324083E0,-3.234773254E-1,8.336763611E0,9.220825195E-2,8.343546455E0
7.818373083E0,-4.361929321E-1,8.169710999E0,-1.721420288E-1,8.183158006E0
7.828422083E0,-5.924679565E-1,8.058641968E0,-4.971162415E-1,8.095668793E0
7.838472083E0,-6.697073364E-1,7.965984650E0,-8.262817383E-1,8.036675984E0
7.848521083E0,-6.848258972E-1,7.916886749E0,-1.142124939E0,8.028108849E0
7.858570083E0,-6.896159363E-1,7.834557953E0,-1.342707825E0,7.978642288E0
7.868620083E0,-6.933581543E-1,7.729177094E0,-1.473236389E0,7.898819502E0
7.878669083E0,-6.506968689E-1,7.635771332E0,-1.669178925E0,7.843122371E0
7.888718083E0,-5.673202515E-1,7.531288605E0,-1.769769745E0,7.757206022E0
7.898768083E0,-4.915777588E-1,7.492668915E0,-1.627565460E0,7.683144245E0
7.908817083E0,-4.529580688E-1,7.517367554E0,-1.368304596E0,7.654295749E0
7.918866083E0,-5.031037903E-1,7.499853973E0,-1.057251434E0,7.590698495E0
7.928916083E0,-6.941065979E-1,7.544311523E0,-6.773414612E-1,7.606392824E0
7.938965083E0,-9.069639587E-1,7.598947906E0,-3.219804382E-1,7.659651709E0
7.949014083E0,-1.005908203E0,7.583529968E0,-2.095642090E-2,7.649981521E0
7.959064083E0,-1.085841980E0,7.705526276E0,3.034190369E-1,7.787570295E0
7.969113083E0,-1.039887543E0,7.750283203E0,6.324348450E-1,7.845267979E0
7.979162083E0,-9.779164124E-1,7.779771881E0,9.800120544E-1,7.901999409E0
7.989212083E0,-9.788145447E-1,7.967331848E0,1.467398529E0,8.160252026E0
7.999261083E0,-8.759783936E-1,7.927065582E0,2.301464081E0,8.300749593E0
8.009310083E0,-7.059320068E-1,8.029153290E0,3.090173950E0,8.632196568E0
8.019359083E0,-6.201603699E-1,8.180638275E0,3.621269531E0,8.967777567E0
8.029409083E0,-5.815406799E-1,8.133935394E0,3.919299774E0,9.047651921E0
8.039458083E0,-4.507127380E-1,8.153694305E0,4.146078186E0,9.158375245E0
8.049507083E0,-3.573069763E-1,8.374634857E0,4.534969482E0,9.530379083E0
8.059557083E0,-2.917433167E-1,8.427325287E0,4.878056030E0,9.741681389E0
8.069606083E0,-2.891986084E-1,8.499175873E0,5.151537323E0,9.942734188E0
8.079655125E0,-3.375480652E-1,8.618178406E0,5.473517761E0,1.021500536E1
8.089705125E0,-2.080673218E-1,8.664881287E0,5.595963135E0,1.031689213E1
8.099754125E0,-2.694396973E-2,8.724607086E0,5.428910522E0,1.027582426E1
8.109803125E0,7.649093628E-2,8.782686310E0,5.242548065E0,1.022867244E1
8.119853125E0,1.808239746E-1,8.803942108E0,5.055287476E0,1.015371978E1
8.129902125E0,4.213737488E-1,8.775501251E0,5.021457825E0,1.011938816E1
8.139951125E0,6.324348450E-1,8.856632538E0,5.043761444E0,1.021173067E1
8.150001125E0,7.571255493E-1,8.867410126E0,4.956193542E0,1.018666068E1
8.160050125E0,7.855664063E-1,8.723708954E0,4.938530273E0,1.005531172E1
8.170099125E0,6.530918884E-1,8.774902496E0,5.026696930E0,1.013376163E1
8.180149125E0,6.066883850E-1,8.666827240E0,5.297334137E0,1.017564318E1
8.190198125E0,6.800358582E-1,8.556356964E0,5.455405426E0,1.017030686E1
8.200247125E0,8.503816223E-1,8.439150696E0,5.479056244E0,1.009764679E1
8.210297125E0,9.674382019E-1,8.302484894E0,5.610333252E0,1.006692760E1
8.220346125E0,9.063652039E-1,8.246950378E0,5.853278046E0,1.015354875E1
8.230395125E0,7.978408813E-1,8.129594421E0,6.037694550E0,1.015778573E1
8.240445125E0,6.834786987E-1,7.999215546E0,6.103407898E0,1.008494821E1
8.250494125E0,5.174739075E-1,7.884703674E0,6.176455994E0,1.002920435E1
8.260543125E0,3.585044861E-1,7.740104370E0,6.131549377E0,9.880973580E0
8.270593125E0,3.251239014E-1,7.611970825E0,6.063590698E0,9.737296214E0
8.280642125E0,2.944377136E-1,7.489076385E0,6.278394012E0,9.777074718E0
8.290691125E0,2.661465454E-1,7.386988678E0,6.485862579E0,9.833862370E0
8.300741125E0,2.544708252E-1,7.250023499E0,6.722670135E0,9.890494926E0
8.310790125E0,1.886077881E-1,7.094496918E0,6.966513062E0,9.944836029E0
8.320839125E0,1.155596924E-1,6.997798004E0,7.072792053E0,9.950222027E0
8.330889125E0,9.909393311E-2,6.863227844E0,7.034471741E0,9.828403162E0
8.340938125E0,8.592132568E-2,6.716832275E0,6.891069946E0,9.623412248E0
8.350987125E0,1.194515991E-1,6.601721649E0,6.634653168E0,9.360321580E0
8.361037125E0,1.770817566E-1,6.444847870E0,6.543492737E0,9.186115567E0
8.371086125E0,1.654060364E-1,6.382577362E0,6.628815308E0,9.203577854E0
8.381135125E0,3.921844482E-2,6.330036621E0,6.994055786E0,9.433330168E0
8.391185125E0,-4.700225830E-2,6.181246033E0,7.463778992E0,9.691130407E0
8.401234125E0,-3.068618774E-2,6.030509491E0,7.760911102E0,9.828516038E0
8.411283125E0,4.640350342E-3,5.861211548E0,7.953261108E0,9.879685450E0
8.421333125E0,-1.556762695E-2,5.726940765E0,8.037236481E0,9.868903846E0
8.431382125E0,-1.796264648E-3,5.595514069E0,8.012986908E0,9.773317763E0
8.441431125E0,5.837860107E-3,5.507347412E0,7.875422974E0,9.610057056E0
8.451481125E0,1.661544800E-2,5.459596710E0,7.575746155E0,9.338062011E0
8.461530125E0,-4.176315308E-2,5.400319977E0,7.457342377E0,9.207451077E0
8.471579125E0,-2.354603577E-1,5.359005890E0,7.548951874E0,9.260726759E0
8.481629125E0,-3.373983765E-1,5.281916199E0,7.724237366E0,9.363563386E0
8.491678125E0,-3.121009827E-1,5.204078064E0,7.969427490E0,9.523214270E0
8.501727125E0,-1.422042847E-1,5.098547516E0,8.076754303E0,9.552453554E0
8.511776125E0,7.619155884E-2,4.919070740E0,8.098908234E0,9.476042247E0
8.521826125E0,1.098715210E-1,4.860243073E0,8.161777496E0,9.499928756E0
8.531875125E0,1.080752563E-1,4.693340149E0,8.202343140E0,9.450796527E0
8.541925125E0,4.221221924E-2,4.504432983E0,8.343499603E0,9.481860788E0
8.551974125E0,-5.209167480E-2,4.342769165E0,8.450077972E0,9.500851294E0
8.562023125E0,-5.777984619E-2,4.166435852E0,8.419840851E0,9.394479558E0
8.572072125E0,-1.145118713E-1,4.033212891E0,8.390950928E0,9.310637822E0
8.582122125E0,-1.091230774E-1,3.946842499E0,8.346194000E0,9.233007519E0
8.592171125E0,-3.008743286E-2,3.822301483E0,8.445138245E0,9.269911211E0
8.602220125E0,-1.243913269E-1,3.727249146E0,8.817713470E0,9.573919273E0
8.612270125E0,-9.684860229E-2,3.509901123E0,9.098828888E0,9.752818704E0
8.622319125E0,6.676116943E-2,3.254083099E0,9.299411774E0,9.852541459E0
8.632368125E0,1.023870850E-1,3.088078308E0,9.491911469E0,9.982138753E0
8.642418125E0,1.279838562E-1,2.944676514E0,9.689949646E0,1.012830804E1
8.652467125E0,2.405497742E-1,2.721939697E0,9.824819183E0,1.019773955E1
8.662516125E0,3.939807129E-1,2.555186462E0,9.866732025E0,1.019983331E1
8.672566125E0,5.017565918E-1,2.454445953E0,9.764644318E0,1.008089000E1
8.682615125E0,5.366340637E-1,2.292033691E0,9.798473969E0,1.007727576E1
8.692664125E0,4.058061218E-1,2.149530029E0,1.010024643E1,1.033441512E1
8.702714125E0,3.387455750E-1,1.944905548E0,1.035292099E1,1.053946769E1
8.712763125E0,3.835025024E-1,1.675914917E0,1.055350388E1,1.069262405E1
8.722812125E0,3.752696228E-1,1.511706390E0,1.074076447E1,1.085311498E1
8.732862125E0,5.161267090E-1,1.340761871E0,1.091575058E1,1.100988828E1
8.742911125E0,7.382647705E-1,1.125808868E0,1.107561813E1,1.115714110E1
8.752960125E0,6.860234070E-1,1.052461395E0,1.140957367E1,1.147853102E1
8.763010125E0,6.010002136E-1,1.051712952E0,1.176119247E1,1.182340686E1
8.773059125E0,6.489006042E-1,9.370513916E-1,1.184711380E1,1.190181678E1
8.783108125E0,7.405101013E-1,8.762777710E-1,1.177406570E1,1.182982845E1
8.793158125E0,7.333250427E-1,9.794132996E-1,1.168964127E1,1.175349858E1
8.803207125E0,7.539820862E-1,1.076411591E0,1.163635208E1,1.171033051E1
8.813256125E0,8.955876160E-1,1.093476105E0,1.148127457E1,1.156794851E1
8.823306125E0,1.077758789E0,1.138233032E0,1.131512009E1,1.142318174E1
8.833355125E0,1.147214355E0,1.211580505E0,1.121872055E1,1.134212145E1
8.843404125E0,1.173709259E0,1.238075409E0,1.112905701E1,1.125905564E1
8.853454125E0,1.216969299E0,1.231040039E0,1.102307739E1,1.115816782E1
8.863503125E0,1.194515991E0,1.242117004E0,1.092877350E1,1.106380646E1
8.873552125E0,1.141675873E0,1.240021362E0,1.088042404E1,1.101020909E1
8.883602125E0,1.039288788E0,1.263821869E0,1.086126389E1,1.098382539E1
8.893651125E0,8.878038025E-1,1.280736694E0,1.088431595E1,1.099530881E1
8.903700125E0,8.973838806E-1,1.229243774E0,1.087772964E1,1.098368519E1
8.913750125E0,9.690847778E-1,1.233285370E0,1.077219910E1,1.088578851E1
8.923799125E0,1.005459137E0,1.263821869E0,1.066217789E1,1.078379484E1
8.933848125E0,1.096619568E0,1.232536926E0,1.060754150E1,1.073506677E1
8.943898125E0,1.139879608E0,1.263073425E0,1.070019882E1,1.083461743E1
8.953947125E0,1.186881866E0,1.282982025E0,1.087039490E1,1.101000530E1
8.963996125E0,1.273102570E0,1.322649536E0,1.123353973E1,1.138255713E1
8.974046125E0,1.410367126E0,1.398841095E0,1.160806091E1,1.177679795E1
8.984095125E0,1.546284485E0,1.519340515E0,1.171134613E1,1.191029049E1
8.994144125E0,1.753303986E0,1.726060638E0,1.143861328E1,1.170022367E1
9.004194125E0,2.079176331E0,1.962718506E0,1.087398743E1,1.124361333E1
9.014243125E0,2.390528870E0,2.126328278E0,1.015308655E1,1.064523681E1
9.024292125E0,2.558479614E0,2.309098206E0,9.466614075E0,1.007444959E1
9.034342125E0,2.552641754E0,2.430346069E0,8.912167053E0,9.583803187E0
9.044391125E0,2.456691284E0,2.596650238E0,8.556207275E0,9.272896390E0
9.054440125E0,2.335742798E0,2.756068726E0,8.451125793E0,9.190926853E0
9.064490125E0,2.324366455E0,2.959495697E0,8.560697937E0,9.351301694E0
9.074539125E0,2.555036774E0,3.200344849E0,8.622669067E0,9.545723750E0
9.084588083E0,2.839145966E0,3.430266724E0,8.639733582E0,9.719695261E0
9.094638083E0,3.120560760E0,3.641477509E0,8.871002655E0,1.008429204E1
9.104687083E0,3.359463959E0,3.794758759E0,9.189390564E0,1.049433614E1
9.114736083E0,3.550616455E0,3.909270630E0,9.477391663E0,1.084943440E1
9.124786083E0,3.584895172E0,4.127067719E0,9.592352600E0,1.104071509E1
9.134835083E0,3.529510345E0,4.355941772E0,9.428144073E0,1.096911905E1
9.144884083E0,3.429218903E0,4.531376953E0,9.056466980E0,1.069170302E1
9.154934083E0,3.298690338E0,4.684807892E0,8.704698486E0,1.042115918E1
9.164983083E0,3.142415314E0,4.780608673E0,8.397537231E0,1.016108384E1
9.175032083E0,2.964435425E0,4.913083191E0,8.166717224E0,9.981058764E0
9.185082083E0,2.867586823E0,4.950954437E0,7.925269318E0,9.774707043E0
9.195131083E0,2.754272461E0,4.996609497E0,7.806416473E0,9.669139642E0
9.205180083E0,2.646795959E0,5.074597321E0,7.854915619E0,9.718887086E0
9.215230083E0,2.581681366E0,5.258415070E0,8.049061890E0,9.955069313E0
9.225279083E0,2.534080353E0,5.470673676E0,7.935298462E0,9.965881566E0
9.235328083E0,2.502346344E0,5.726791077E0,7.670948181E0,9.894509551E0
9.245377083E0,2.531086578E0,5.935457153E0,7.285649414E0,9.732252477E0
9.255427083E0,2.469265137E0,6.040538635E0,6.738537140E0,9.380472275E0
9.265476083E0,2.209405518E0,6.196065216E0,6.363267517E0,9.152260398E0
9.275525083E0,1.928290100E0,6.301595764E0,6.037544861E0,8.937581319E0
9.285575083E0,1.722767487E0,6.463259583E0,5.680237885E0,8.775349262E0
9.295624083E0,1.646126862E0,6.621181183E0,5.467380524E0,8.743112929E0
9.305674083E0,1.612895966E0,6.758146362E0,5.308560791E0,8.743843167E0
9.315723083E0,1.651964722E0,6.896907806E0,5.157524872E0,8.769058532E0
9.325772083E0,1.711091766E0,7.010671234E0,4.981191559E0,8.768672393E0
9.335821083E0,1.883533173E0,7.119195557E0,4.918921051E0,8.855869629E0
9.345871083E0,2.133513336E0,7.322023773E0,5.014123077E0,9.127175989E0
9.355920083E0,2.327210541E0,7.432793427E0,5.107977905E0,9.314170135E0
9.365969083E0,2.413281555E0,7.463928680E0,5.167104950E0,9.393249319E0
9.376019083E0,2.391127625E0,7.540419617E0,5.165608063E0,9.447694214E0
9.386068083E0,2.321073303E0,7.504943390E0,5.098098450E0,9.364943372E0
9.396117083E0,2.287243652E0,7.545359344E0,4.986430664E0,9.328902504E0
9.406167083E0,2.303709412E0,7.639363861E0,4.908293152E0,9.367939951E0
9.416216083E0,2.432142334E0,7.684569855E0,4.906945953E0,9.436421397E0
9.426265083E0,2.580483856E0,7.768545227E0,4.934788055E0,9.558311829E0
9.436315083E0,2.696193237E0,7.825876007E0,5.051994324E0,9.697238777E0
9.446364083E0,2.684068451E0,7.870034180E0,5.363496552E0,9.894885381E0
9.456413083E0,2.623893585E0,7.913593597E0,5.594615936E0,1.004039385E1
9.466463083E0,2.572250977E0,7.900121613E0,5.655988312E0,1.005080098E1
9.476512083E0,2.512375488E0,7.938441925E0,5.580994263E0,1.002389085E1
9.486561083E0,2.507136383E0,7.957302704E0,5.371579742E0,9.922613975E0
9.496611083E0,2.513572998E0,7.951614532E0,5.165158997E0,9.809438840E0
9.506660083E0,2.487227783E0,7.997868347E0,4.962779846E0,9.735573119E0
9.516709083E0,2.469265137E0,8.097710724E0,4.656516724E0,9.661953078E0
9.526759083E0,2.496358795E0,8.161777496E0,4.321663055E0,9.566775355E0
9.536808083E0,2.607727203E0,8.276738434E0,3.979175262E0,9.546647372E0
9.546857083E0,2.693349152E0,8.485554199E0,3.677851868E0,9.632515460E0
9.556907083E0,2.760260010E0,8.524173889E0,3.531456299E0,9.630771485E0
9.566956083E0,2.808010712E0,8.593928833E0,3.603905640E0,9.732865601E0
9.577005083E0,2.800077209E0,8.644074554E0,3.708687744E0,9.814011517E0
9.587055083E0,2.737357635E0,8.621471558E0,3.869004364E0,9.838297282E0
9.597104083E0,2.692001953E0,8.619675293E0,4.031716003E0,9.889409012E0
9.607153083E0,2.635120239E0,8.646170197E0,4.172573090E0,9.955424849E0
9.617203083E0,2.580483856E0,8.575966187E0,4.141437836E0,9.866995506E0
9.627252083E0,2.515219574E0,8.574319611E0,4.044439545E0,9.808301460E0
9.637301083E0,2.426753540E0,8.550968170E0,3.839964752E0,9.682640068E0
9.647351083E0,2.322420502E0,8.472231903E0,3.658392334E0,9.516101349E0
9.657400083E0,2.115999756E0,8.383167114E0,3.548371124E0,9.345901961E0
9.667449083E0,1.902244263E0,8.303981781E0,3.465742950E0,9.197065883E0
9.677499083E0,1.775008850E0,8.177494812E0,3.407663727E0,9.035167397E0
9.687548083E0,1.606459351E0,8.067323914E0,3.489393768E0,8.935227789E0
9.697597083E0,1.409918060E0,8.032745819E0,3.721261597E0,8.964410868E0
9.707647083E0,1.208137665E0,8.002359009E0,4.096381531E0,9.070704932E0
9.717696083E0,1.102457428E0,7.988288269E0,4.572541351E0,9.270183184E0
9.727745083E0,1.076261902E0,7.969876556E0,4.925507355E0,9.430688984E0
9.737795083E0,1.072070618E0,7.885003052E0,5.130730591E0,9.468210229E0
9.747844083E0,1.059347076E0,7.821235657E0,5.165158997E0,9.432540002E0
9.757893083E0,1.051563263E0,7.764803009E0,5.071154480E0,9.333518030E0
9.767943083E0,1.011446686E0,7.735314331E0,5.047204285E0,9.291522119E0
9.777992083E0,8.951385498E-1,7.697742462E0,5.063370667E0,9.257118047E0
9.788041083E0,7.586224365E-1,7.732320557E0,5.200036469E0,9.349046393E0
9.798091083E0,6.709048462E-1,7.721842346E0,5.244194641E0,9.358340663E0
9.808140083E0,6.415658569E-1,7.701784058E0,5.340444489E0,9.394116869E0
9.818189083E0,6.361770630E-1,7.743846588E0,5.397775269E0,9.460859321E0
9.828239083E0,6.810836792E-1,7.682474213E0,5.371729431E0,9.398923454E0
9.838288083E0,6.162684631E-1,7.613767090E0,5.400918732E0,9.355167517E0
9.848337083E0,4.694238281E-1,7.511679382E0,5.420078888E0,9.274855310E0
9.858387083E0,3.359014893E-1,7.345225525E0,5.532345428E0,9.201739714E0
9.868436083E0,9.445358276E-2,7.239844666E0,5.731281738E0,9.234276508E0
9.878485083E0,-2.085163879E-1,7.278015289E0,5.992039490E0,9.429608840E0
9.888535083E0,-3.576063538E-1,7.251819763E0,6.140530701E0,9.509095092E0
9.898584083E0,-4.312532043E-1,7.201374664E0,6.316115570E0,9.588487486E0
9.908633083E0,-4.385879517E-1,7.201823730E0,6.445895691E0,9.675132852E0
9.918683083E0,-3.727249146E-1,7.146438904E0,6.460265808E0,9.640827100E0
9.928732083E0,-3.975732422E-1,7.103777618E0,6.421945496E0,9.584524239E0
9.938781083E0,-4.493655396E-1,7.055577850E0,6.375392303E0,9.519912563E0
9.948831083E0,-5.025050354E-1,6.960076447E0,6.262377319E0,9.376169001E0
9.958880083E0,-5.917195129E-1,6.807543640E0,6.167324982E0,9.204818294E0
9.968929083E0,-7.228468323E-1,6.685846710E0,6.175857239E0,9.130403409E0
9.978979083E0,-9.577084351E-1,6.538702698E0,6.309080200E0,9.136538261E0
9.989028083E0,-1.226549377E0,6.480623474E0,6.546336823E0,9.292869836E0
9.999077083E0,-1.466201019E0,6.378386078E0,6.778504028E0,9.422402626E0